Background,Condition,Phenotype,Standard_Error
Beta,huACE2,9.3071,0.0391000978496454
E484K,huACE2,8.96107,0.05640091488619658
N501Y,huACE2,9.95503,0.034754377928330034
Wuhan-Hu-1,huACE2,8.77161,0.04812864989526233
Delta,huACE2,9.03525,0.016243749823650004
Beta,expression,10.00138,0.05648015414727574
E484K,expression,10.09111,0.04282238666865712
N501Y,expression,10.1443,0.025675047224883743
Wuhan-Hu-1,expression,10.18588,0.0008131727983645185
Delta,expression,9.79026,0.02806153261138843
